Ref,Val,Package,PosX,PosY,Rot,Side
"C17","100nf","C_Disc_D5.0mm_W2.5mm_P2.50mm",256.475000,-47.050000,180.000000,bottom
"CH1_ACC_CAP1","Conn_01x2","PinSocket_1x02_P2.54mm_Vertical",204.019000,-103.407000,-90.000000,bottom
"CH1_CAP1","Conn_01x2","PinSocket_1x02_P2.54mm_Vertical",217.712000,-115.099000,90.000000,bottom
"CH2_ACC_CAP1","Conn_01x2","PinSocket_1x02_P2.54mm_Vertical",250.460000,-114.809000,90.000000,bottom
"CH2_CAP1","Conn_01x2","PinSocket_1x02_P2.54mm_Vertical",233.813000,-103.583000,90.000000,bottom
"CH3_ACC_CAP1","Conn_01x2","PinSocket_1x02_P2.54mm_Vertical",256.732000,-114.723000,-90.000000,bottom
"CH3_CAP1","Conn_01x2","PinSocket_1x02_P2.54mm_Vertical",250.460000,-103.354000,90.000000,bottom
"D7","1n4148","D_DO-34_SOD68_P7.62mm_Horizontal",248.300000,-59.000000,180.000000,bottom
"J3","Conn_01x4","PinHeader_1x04_P2.54mm_Vertical",212.297653,-103.530400,-90.000000,bottom
"J4","Conn_01x4","PinHeader_1x04_P2.54mm_Vertical",241.802453,-114.884200,90.000000,bottom
"J8","Conn_01x3","PinHeader_1x03_P2.54mm_Vertical",223.143453,-114.935000,-90.000000,bottom
"J11","Conn_01x12","PinHeader_1x12_P2.54mm_Vertical",234.950000,-74.930000,90.000000,bottom
"J14","Conn_01x10","PinHeader_1x10_P2.54mm_Vertical",261.620000,-21.540000,180.000000,bottom
"J15","Conn_01x10","PinHeader_1x10_P2.54mm_Vertical",199.390000,-100.330000,180.000000,bottom
"R46","4.7k","R_Axial_DIN0204_L3.6mm_D1.6mm_P5.08mm_Horizontal",252.600000,-50.250000,180.000000,bottom
"R47","1k","R_Axial_DIN0204_L3.6mm_D1.6mm_P7.62mm_Horizontal",246.050000,-53.325000,180.000000,bottom
"R48","220","R_Axial_DIN0204_L3.6mm_D1.6mm_P7.62mm_Horizontal",248.975000,-75.525000,90.000000,bottom
"R50","220","R_Axial_DIN0204_L3.6mm_D1.6mm_P7.62mm_Horizontal",203.229853,-114.960400,0.000000,bottom
"R51","220","R_Axial_DIN0204_L3.6mm_D1.6mm_P7.62mm_Horizontal",251.330000,-64.800000,0.000000,bottom
"U8","HCPL-2630","DIP-8_W7.62mm_Socket_LongPads",259.060453,-61.000000,90.000000,bottom
"U9","HCPL-0630","SOIC-8_3.9x4.9mm_P1.27mm",255.250000,-57.190000,180.000000,bottom
"CH1","CH1","Jack_3.5mm_QingPu_WQP-PJ398SM_Vertical_CircularHoles",231.410000,-109.220000,-90.000000,top
"CH1_AC1","CH1_ACC","Jack_3.5mm_QingPu_WQP-PJ398SM_Vertical_CircularHoles",231.410000,-120.650000,-90.000000,top
"CH1_FILL1","CV_CH1","Jack_3.5mm_QingPu_WQP-PJ398SM_Vertical_CircularHoles",231.410000,-97.790000,-90.000000,top
"CH2","CH2","Jack_3.5mm_QingPu_WQP-PJ398SM_Vertical_CircularHoles",248.410000,-109.220000,-90.000000,top
"CH2_AC1","CH2_ACC","Jack_3.5mm_QingPu_WQP-PJ398SM_Vertical_CircularHoles",248.410000,-120.650000,-90.000000,top
"CH2_FILL1","CV_CH2","Jack_3.5mm_QingPu_WQP-PJ398SM_Vertical_CircularHoles",248.410000,-97.790000,-90.000000,top
"CH3","CH3","Jack_3.5mm_QingPu_WQP-PJ398SM_Vertical_CircularHoles",264.410000,-109.220000,-90.000000,top
"CH3_AC1","CH3_ACC","Jack_3.5mm_QingPu_WQP-PJ398SM_Vertical_CircularHoles",264.410000,-120.650000,-90.000000,top
"CH3_FILL1","CV_CH3","Jack_3.5mm_QingPu_WQP-PJ398SM_Vertical_CircularHoles",264.410000,-97.790000,-90.000000,top
"CLOCK1","CV_CLOCK","Jack_3.5mm_QingPu_WQP-PJ398SM_Vertical_CircularHoles",231.410000,-38.100000,-90.000000,top
"D1","CH1","LED_D3.0mm",223.646453,-88.519000,0.000000,top
"D2","CH2","LED_D3.0mm",240.613653,-88.519000,0.000000,top
"D3","CH3","LED_D3.0mm",256.361653,-88.468200,0.000000,top
"D4","CLK","LED_D3.0mm",240.760453,-38.100000,0.000000,top
"MIDI_IN_RND_OUT1","MIDI_IN_RND","Jack_3.5mm_QingPu_WQP-PJ398SM_Vertical_CircularHoles",214.410000,-120.650000,-90.000000,top
"MIDI_OUT_CLOCK_OUT1","MIDI_OUT-CLOCK_OUT","Jack_3.5mm_QingPu_WQP-PJ398SM_Vertical_CircularHoles",214.410000,-109.220000,-90.000000,top
"P_CH1","10k","Potentiometer_Alps_RK09K_Single_Vertical_round",227.946853,-58.450200,90.000000,top
"P_CH2","10k","Potentiometer_Alps_RK09K_Single_Vertical_round",244.625453,-70.550000,90.000000,top
"P_CH3","10k","Potentiometer_Alps_RK09K_Single_Vertical_round",260.164906,-82.694800,90.000000,top
"P_RND1","10k","Potentiometer_Alps_RK09K_Single_Vertical_round",210.410000,-90.050000,90.000000,top
"P_TEMPO1","10k","Potentiometer_Alps_RK09K_Single_Vertical_round",244.790000,-32.400000,90.000000,top
"P_X1","10k","Potentiometer_Alps_RK09K_Single_Vertical_round",210.410000,-59.690000,90.000000,top
"P_Y1","10k","Potentiometer_Alps_RK09K_Single_Vertical_round",210.410000,-33.020000,90.000000,top
"RESET1","CV_RESET","Jack_3.5mm_QingPu_WQP-PJ398SM_Vertical_CircularHoles",231.410000,-25.400000,-90.000000,top
"RESET2","SW_Push","SW_PUSH_6mm",238.910453,-44.600000,0.000000,top
"RND2","CV_RND","Jack_3.5mm_QingPu_WQP-PJ398SM_Vertical_CircularHoles",214.410000,-97.790000,-90.000000,top
"X1","CV_X","Jack_3.5mm_QingPu_WQP-PJ398SM_Vertical_CircularHoles",214.410000,-67.310000,-90.000000,top
"Y1","CV_Y","Jack_3.5mm_QingPu_WQP-PJ398SM_Vertical_CircularHoles",214.410000,-40.640000,-90.000000,top
